id;operate_type;operate_user;operate_date
1;Bedfordshire Fresh;Cotton Identity info-mediaries;2019-06-17T11:07:06
2;Personal Loan Account connecting;Gorgeous Personal Loan Account Shirt;2019-06-18T07:41:50
3;Director generate;Shoes Malawi Chad;2019-06-17T14:09:16
4;transmitting;B2C compressing;2019-06-17T15:25:25
5;Car;cross-platform contextually-based;2019-06-17T09:14:46
6;Nevada strategic New Jersey;Architect;2019-06-18T04:49:38
7;indexing maroon;Producer SQL Money Market Account;2019-06-17T18:46:30
8;Investment Account lime enable;RSS;2019-06-17T15:22:43
9;Future Frozen;Investor array;2019-06-17T19:38:19
10;HTTP Soft;British Indian Ocean Territory (Chagos Archipelago) Licensed Metal Ball Trail;2019-06-18T07:36:46
